curso_id,titulo,ordem,descricao
1,Módulo 1: Porro,1,Neque maxime hic quis dicta distinctio assumenda cupiditate dolores.
1,Módulo 2: Officia assumenda omnis nihil,2,Eius quisquam totam laborum nesciunt culpa ex eos perferendis.
1,Módulo 3: Tempore perspiciatis exercitationem,3,Totam earum eaque at expedita iure nemo.
1,Módulo 4: Assumenda natus tempora,4,Aperiam nam animi totam nesciunt odio provident.
1,Módulo 5: Aliquam praesentium eius,5,Omnis consequuntur atque eos accusamus sequi omnis aspernatur dicta alias.
1,Módulo 6: Aspernatur quos est,6,Incidunt pariatur accusamus harum iusto aut in magni ullam.
1,Módulo 7: Consequuntur corrupti,7,Quo blanditiis aliquid blanditiis quidem minima accusantium incidunt itaque accusamus dolores.
1,Módulo 8: Similique accusamus aspernatur eius,8,Aliquid voluptate enim tenetur optio necessitatibus perferendis rem beatae est qui sapiente optio.
2,Módulo 1: Temporibus iste fugiat repudiandae,1,Cumque repellat minus fugiat distinctio consectetur adipisci temporibus eos.
2,Módulo 2: Facere aperiam modi,2,Animi animi dicta eum ab consequuntur dolore cumque aliquam.
2,Módulo 3: Nesciunt vero,3,Ab libero animi dicta perspiciatis quis tempore eius ratione.
3,Módulo 1: Aliquam quis temporibus placeat,1,Ex rerum deleniti dolorum ipsa corporis nam.
3,Módulo 2: Dignissimos itaque in,2,Optio aliquid sapiente suscipit iusto explicabo repellat quam explicabo fuga aperiam.
3,Módulo 3: Quasi inventore quisquam,3,Fugit vel omnis beatae optio nostrum laboriosam deserunt recusandae earum vel facilis ipsum.
3,Módulo 4: Voluptates iure necessitatibus,4,Et numquam fugiat natus aliquam eveniet hic doloremque corrupti optio vero.
4,Módulo 1: Officiis deleniti,1,Officiis ratione officiis quod nemo sed provident deserunt odit laudantium officiis mollitia harum.
4,Módulo 2: Fugiat ducimus similique,2,Sapiente dolore officiis ab labore perferendis.
4,Módulo 3: Consectetur vel,3,Pariatur asperiores nihil ut rerum aliquid autem earum ab doloremque deleniti.
4,Módulo 4: Perferendis,4,Similique optio voluptatum in saepe nostrum blanditiis ex voluptas porro nobis harum.
4,Módulo 5: Harum at veritatis,5,Modi soluta enim nobis velit repellendus dolorem culpa nulla officiis incidunt adipisci tempore.
4,Módulo 6: Maxime nostrum facere,6,Deleniti molestias quis atque voluptatibus mollitia aut numquam reiciendis tempore fugiat cupiditate.
5,Módulo 1: Asperiores,1,Dicta soluta deserunt et animi sequi corporis.
5,Módulo 2: Esse iusto minus,2,Autem ea maiores voluptatum atque beatae ea officiis iure.
5,Módulo 3: Quidem possimus,3,Ea sint exercitationem eaque unde minima et sequi doloribus doloribus assumenda accusantium voluptates ex.
5,Módulo 4: Odio natus eligendi,4,Aut placeat sint doloremque maxime mollitia impedit eos vero.
5,Módulo 5: Asperiores suscipit,5,Nesciunt veritatis quos libero explicabo autem ducimus tenetur incidunt.
5,Módulo 6: Distinctio ab,6,Suscipit accusantium quidem id at dolorem veritatis.
5,Módulo 7: Dolorem officia voluptates voluptas,7,Aliquid saepe ab laborum esse laborum itaque illum assumenda porro consectetur reiciendis ipsum veritatis.
5,Módulo 8: Pariatur nisi ratione,8,Similique laboriosam velit veritatis illo rerum.
6,Módulo 1: Recusandae voluptatibus saepe,1,Libero voluptates sequi accusamus sint soluta ut modi error amet nihil unde a.
6,Módulo 2: Inventore perferendis,2,Maxime alias voluptas adipisci adipisci magnam.
6,Módulo 3: Animi dignissimos expedita,3,Aperiam ipsum consequuntur assumenda iure fugiat repudiandae asperiores mollitia modi omnis quia exercitationem.
7,Módulo 1: Perferendis voluptatem,1,Ipsam laboriosam corporis eum nam eaque deleniti amet.
7,Módulo 2: Corrupti molestiae,2,Laboriosam incidunt quos odio aspernatur iusto officia ipsam sed qui.
7,Módulo 3: Quibusdam blanditiis,3,Voluptatem voluptas eveniet alias commodi enim perferendis.
7,Módulo 4: Dignissimos incidunt,4,Voluptatem earum distinctio numquam suscipit minus.
7,Módulo 5: Nulla atque,5,At et in dignissimos nulla rem itaque ipsum beatae itaque.
7,Módulo 6: Blanditiis dolor,6,Quis quo voluptatum veritatis vel perspiciatis quia nemo aperiam harum ipsa.
7,Módulo 7: Incidunt iusto quos,7,Molestias molestiae nostrum a esse sed beatae odio eum at corrupti quasi eligendi.
8,Módulo 1: Omnis laborum,1,Aliquam sunt optio dolores velit eum nisi hic minus aspernatur delectus.
8,Módulo 2: Animi incidunt,2,Deleniti omnis repellendus porro id voluptatum aut aliquam itaque magni.
8,Módulo 3: Nesciunt aliquam ipsam,3,Commodi dolore placeat dolore esse vel porro aperiam corrupti molestias facere labore perspiciatis quia.
8,Módulo 4: Laboriosam aspernatur,4,Minus vero vel aliquid sequi maxime consequuntur labore aliquam distinctio.
8,Módulo 5: Esse voluptatibus corporis,5,Sapiente quis fuga rerum dolorum quasi cupiditate quae laborum saepe.
8,Módulo 6: Tempora aliquid,6,Debitis sunt voluptatem repellat mollitia quisquam quo.
8,Módulo 7: Quia quas sapiente,7,Repellendus a minus suscipit fugiat assumenda.
8,Módulo 8: Aspernatur repudiandae aspernatur,8,Esse molestiae at accusantium sapiente ea saepe voluptatibus libero.
9,Módulo 1: Laboriosam aspernatur odio provident,1,Harum repellat explicabo dolorem quasi nam dolores tenetur ut fuga.
9,Módulo 2: Delectus exercitationem,2,Ad asperiores sapiente architecto neque molestias recusandae ad.
9,Módulo 3: Ipsam adipisci earum,3,Quia magnam sapiente et cupiditate est consequatur laborum.
9,Módulo 4: Doloribus soluta quibusdam,4,Harum quod et quos esse tempore blanditiis architecto.
9,Módulo 5: Ipsam libero accusantium,5,Accusamus totam delectus saepe nisi maiores deserunt tempora similique exercitationem sint vero.
9,Módulo 6: Laborum dolorum deserunt,6,Saepe nisi non aperiam cum aliquid nam autem.
9,Módulo 7: Labore aspernatur,7,Accusantium ipsam veritatis animi nihil dolorem repellendus quos.
9,Módulo 8: Rerum quas id,8,Totam blanditiis incidunt dolor eius rerum eaque iusto temporibus.
10,Módulo 1: Tenetur animi architecto,1,Quas veritatis dolor error natus eveniet alias repellendus iste quo.
10,Módulo 2: Doloremque asperiores,2,Veniam possimus reprehenderit quaerat iusto autem eaque facere sequi veniam quibusdam necessitatibus minus.
10,Módulo 3: Mollitia eveniet beatae,3,Ex neque voluptatibus corporis perspiciatis velit quas voluptas fugiat doloremque excepturi totam architecto.
11,Módulo 1: Illum ipsa,1,Pariatur laborum aut quas ad aut neque.
11,Módulo 2: Incidunt tenetur,2,Voluptatum excepturi excepturi dolorem vitae dolores temporibus nisi vel officia error voluptas.
11,Módulo 3: Architecto iure nulla illo,3,Quaerat impedit doloremque iste reprehenderit nihil ipsa.
11,Módulo 4: Inventore,4,Pariatur rem voluptatibus suscipit et similique architecto at.
12,Módulo 1: Minima amet,1,Aliquam ex unde nobis quo velit natus aut voluptates eius vel saepe.
12,Módulo 2: Ipsam iusto commodi,2,Laudantium odio quia maiores repudiandae molestiae mollitia laboriosam laborum eveniet et porro.
12,Módulo 3: Vitae cumque,3,Assumenda repellat temporibus aliquam error nostrum commodi nisi sit.
12,Módulo 4: Porro rem sunt quae,4,At vel amet laborum eligendi laborum doloremque perspiciatis fugit nemo minima.
12,Módulo 5: Voluptatem eos,5,Quisquam cumque reiciendis ipsam voluptates numquam magnam consectetur.
12,Módulo 6: Libero maiores,6,Iste eum impedit exercitationem quo quos architecto officia sed necessitatibus facilis libero aperiam.
13,Módulo 1: Consequuntur nihil,1,Deleniti corrupti eos tenetur nam tempora omnis perspiciatis autem.
13,Módulo 2: Aliquam voluptates,2,Ipsam accusamus fugiat eligendi dolorem quibusdam neque odio ratione sed commodi.
13,Módulo 3: Quisquam et,3,Labore rem illum laudantium ullam officia.
13,Módulo 4: Adipisci voluptates,4,Nihil maiores amet placeat aliquam animi nam quis eos officia similique placeat.
14,Módulo 1: Illo non veritatis,1,Hic dolorum labore veritatis blanditiis nesciunt excepturi mollitia inventore error.
14,Módulo 2: Explicabo occaecati cum illum,2,Deserunt voluptatibus quis enim quas vitae.
14,Módulo 3: Inventore temporibus laborum,3,Inventore odit autem eos necessitatibus animi laboriosam.
14,Módulo 4: Natus,4,Id reiciendis mollitia sapiente voluptatem possimus cupiditate tenetur reprehenderit temporibus eaque magni.
15,Módulo 1: A sunt eaque,1,Eum unde voluptatum facere quas quae.
15,Módulo 2: Occaecati,2,Sequi aspernatur soluta modi nihil quas commodi animi quam vel ratione.
15,Módulo 3: Libero numquam,3,Qui est delectus animi cumque sunt nisi ab non iste repudiandae.
15,Módulo 4: Voluptas at impedit,4,Perspiciatis beatae repellat inventore necessitatibus eos recusandae iste recusandae.
16,Módulo 1: Cumque itaque,1,Expedita sunt est maiores labore est minima fuga.
16,Módulo 2: Ipsam hic quam,2,Occaecati sint rem reiciendis accusamus quod consectetur maxime fuga sapiente dolores beatae quisquam.
16,Módulo 3: Eius voluptas,3,Voluptas vitae reiciendis unde nulla suscipit numquam non at culpa similique consequatur minus.
16,Módulo 4: Sit id nobis,4,Odit explicabo quas animi porro itaque esse non iste aspernatur sit quis.
16,Módulo 5: Deleniti expedita,5,Modi incidunt quos alias provident saepe perferendis.
16,Módulo 6: Earum sunt ratione,6,Quidem rem quam nobis mollitia accusamus deserunt mollitia minus.
16,Módulo 7: Corporis magni quod,7,Laudantium placeat iusto quis unde odit neque laudantium ab.
17,Módulo 1: Consequatur nam quae,1,Nulla pariatur maiores voluptate nulla modi minima ducimus autem.
17,Módulo 2: Aspernatur dolor officiis,2,Sit quae quasi facere tempora nulla nam eaque explicabo facilis placeat culpa.
17,Módulo 3: Provident provident iusto,3,Nisi quasi ducimus fugiat consequatur culpa ipsam a voluptatibus saepe voluptatem molestias.
17,Módulo 4: Eum recusandae sequi,4,Facere veritatis sint temporibus quam blanditiis.
17,Módulo 5: Nihil eius expedita,5,Quod similique aliquid dolorem nihil minima tempora.
17,Módulo 6: Dolore et,6,Officia modi nulla quasi quod odit cumque occaecati repellat.
17,Módulo 7: Voluptatum,7,Vitae nostrum ut hic doloremque vitae.
17,Módulo 8: Officiis inventore,8,Eos possimus inventore laboriosam rerum aperiam sint voluptas optio dolorum.
18,Módulo 1: Voluptate fugit,1,Sint magnam eveniet quaerat iusto deserunt nemo voluptatibus.
18,Módulo 2: Earum ut adipisci,2,Tempore molestiae ea asperiores mollitia voluptatum excepturi explicabo saepe sed aperiam.
18,Módulo 3: Odio quo ipsa,3,Molestias labore explicabo necessitatibus occaecati illo id nobis ipsa alias cumque.
18,Módulo 4: Beatae cumque asperiores,4,Odit dicta voluptatibus modi consequatur magnam quas perspiciatis et sequi corporis aliquam saepe.
18,Módulo 5: Ullam maxime,5,Culpa doloribus a ipsa omnis vitae eius repellat ducimus.
18,Módulo 6: Aspernatur voluptas vel,6,Error molestias fugit vitae officiis impedit tenetur ex quaerat harum.
18,Módulo 7: Nulla molestiae,7,Natus repudiandae occaecati quae doloremque pariatur excepturi voluptatum a.
18,Módulo 8: Ex rerum beatae,8,Odit eveniet accusantium aliquid quaerat voluptatum autem officiis itaque at.
19,Módulo 1: Harum saepe,1,Alias sed molestias deserunt ducimus alias quis praesentium facilis mollitia eius facilis.
19,Módulo 2: Quae quam unde,2,Animi maiores animi ratione modi aliquam quaerat nulla voluptatum.
19,Módulo 3: Voluptatem,3,Possimus nulla voluptas unde dolorem inventore sed vitae velit mollitia in aut.
19,Módulo 4: Suscipit corporis,4,Commodi pariatur quo quos fuga omnis possimus.
19,Módulo 5: Dolor,5,Nulla iure natus beatae ab ullam perferendis exercitationem deleniti vitae occaecati.
19,Módulo 6: Animi nemo corrupti,6,Distinctio iste officia veniam voluptatem fugit repellat ducimus quo molestias.
20,Módulo 1: Consequuntur numquam,1,Vitae ex fugit blanditiis consequuntur sint at eius nostrum asperiores.
20,Módulo 2: Vero eius neque,2,Nihil saepe ad hic impedit quo nulla.
20,Módulo 3: Dolorum fuga,3,Corrupti incidunt commodi repellat adipisci vero.
20,Módulo 4: Rem sequi suscipit,4,Vero accusamus hic eius consequatur aspernatur quia incidunt.
20,Módulo 5: Quis,5,Nobis nam dolores enim molestiae quod eligendi deleniti.
20,Módulo 6: Laboriosam sit neque corrupti,6,Eum natus blanditiis quod tempore consequuntur natus minus.
20,Módulo 7: Maiores voluptates odit,7,Esse aperiam eum nisi consectetur maxime deserunt nobis maxime sed.
21,Módulo 1: Sit dolorem,1,Iusto enim iusto odit at laudantium in tempora.
21,Módulo 2: Labore iusto fugit,2,Hic quas ad laboriosam harum molestiae cupiditate magnam perspiciatis eos.
21,Módulo 3: Voluptatem rem,3,Iste mollitia cupiditate ut inventore beatae soluta quis veritatis ratione debitis amet omnis.
21,Módulo 4: Voluptatum rerum,4,Quasi ullam sunt distinctio natus voluptas.
22,Módulo 1: Aperiam eum totam,1,Officia quod excepturi ad beatae aut quae inventore aut.
22,Módulo 2: Sapiente mollitia,2,Quos minus fugit accusantium saepe quis atque alias rem fugiat illum.
22,Módulo 3: Esse illum,3,Officia cumque numquam dolore culpa delectus asperiores ipsam.
22,Módulo 4: Commodi incidunt in,4,Suscipit unde magni inventore numquam illum error quaerat totam corporis distinctio reprehenderit deleniti.
22,Módulo 5: Possimus nesciunt,5,Nulla in eum veniam adipisci omnis sint corporis alias quisquam quo hic.
22,Módulo 6: Voluptates blanditiis,6,Sed sequi expedita reprehenderit aliquam nesciunt repellendus officia itaque fugiat magnam.
22,Módulo 7: Dolores voluptatem a,7,Aperiam sed quidem enim dignissimos dolorem dolorem.
23,Módulo 1: Fuga voluptate,1,Eaque magni necessitatibus consequuntur voluptas quos eos atque.
23,Módulo 2: Accusantium consequuntur,2,Officiis a ipsa dolore culpa quasi facilis.
23,Módulo 3: Placeat asperiores,3,Nulla veniam non aut iusto veritatis alias asperiores enim.
23,Módulo 4: Ducimus repudiandae,4,Nam ut vel nisi voluptatibus repudiandae dignissimos tempore commodi animi.
23,Módulo 5: Vero totam maiores aliquam,5,Sit harum molestiae iusto blanditiis quos aut totam in odit rem laborum.
24,Módulo 1: Inventore,1,Sint illo quod doloribus accusantium expedita autem similique doloremque.
24,Módulo 2: Odio,2,Dolore magni pariatur quidem dicta dolor voluptatibus alias reprehenderit quisquam similique labore inventore ullam.
24,Módulo 3: Quos asperiores,3,Minima neque hic doloremque at cum soluta corporis recusandae incidunt.
24,Módulo 4: Nesciunt non,4,Nisi itaque quae repellat consequatur facilis maiores sit nihil enim quasi.
25,Módulo 1: Cum facilis blanditiis,1,Consequuntur dolor eos dicta sint unde aliquam esse.
25,Módulo 2: Suscipit veritatis,2,Odit adipisci quo incidunt quos enim deserunt.
25,Módulo 3: Tempore dolore dignissimos,3,Labore temporibus deserunt assumenda animi modi consequuntur doloremque incidunt quibusdam tempore cupiditate voluptatum.
25,Módulo 4: Minus magni culpa,4,Non quia alias suscipit vitae voluptatibus libero eum dolorum vero architecto ut quod.
25,Módulo 5: Iusto sit vel,5,Commodi dolorum ullam cum dignissimos incidunt iusto cupiditate quod atque consequatur amet tempore.
25,Módulo 6: Enim voluptas,6,Molestias natus sequi necessitatibus in asperiores provident corrupti.
25,Módulo 7: Rerum consequatur molestias,7,Nesciunt placeat nesciunt dolore quidem exercitationem laudantium alias doloremque esse.
25,Módulo 8: Hic necessitatibus,8,Pariatur alias corporis repellendus tenetur unde.
26,Módulo 1: Ullam corporis,1,Magni autem ex esse aut soluta facere doloremque velit.
26,Módulo 2: Occaecati nisi possimus,2,Amet mollitia laboriosam accusamus magnam totam dolorem.
26,Módulo 3: Dolore,3,Accusamus voluptatum magnam cum laboriosam possimus nostrum voluptatibus.
26,Módulo 4: Nostrum error ullam,4,Eius quas iste enim quaerat blanditiis non doloribus.
26,Módulo 5: Optio at,5,Aspernatur odio nihil quis excepturi expedita saepe.
26,Módulo 6: Praesentium error dignissimos,6,Facere modi porro deserunt et corporis unde facere ducimus nam ipsa.
26,Módulo 7: Ipsa eum,7,Optio aspernatur quasi ab accusamus voluptates aliquam vel recusandae deserunt.
27,Módulo 1: Eos molestiae veritatis,1,In provident eveniet veniam alias nihil occaecati.
27,Módulo 2: Quod enim,2,Fugiat maxime saepe sint labore praesentium.
27,Módulo 3: Dolor ipsa,3,In laboriosam ipsa aut nisi asperiores aut modi numquam libero ipsa sequi deleniti.
27,Módulo 4: Vel quam,4,Error enim quo dolorum aperiam ipsam iusto.
27,Módulo 5: Saepe iste numquam,5,Consectetur repudiandae delectus natus perferendis dolor reprehenderit nisi.
27,Módulo 6: Temporibus amet optio,6,Cupiditate eveniet odit deleniti nam id quo repellat omnis nostrum dolorum aspernatur cum.
27,Módulo 7: Ratione magni,7,Rem dolorum enim similique velit eveniet perferendis eum reprehenderit soluta laudantium quam.
28,Módulo 1: Necessitatibus incidunt praesentium necessitatibus,1,Vitae occaecati culpa voluptas assumenda dolore tempore hic.
28,Módulo 2: Quaerat dignissimos,2,Inventore omnis suscipit possimus tenetur earum necessitatibus tenetur incidunt.
28,Módulo 3: Placeat,3,Magni enim unde adipisci maxime enim reiciendis veniam ipsa ipsam voluptates voluptates.
28,Módulo 4: Voluptatem voluptatem,4,Doloribus sapiente nesciunt blanditiis molestias iusto id officiis soluta ex distinctio sint dolorem.
28,Módulo 5: Eos,5,Culpa eos veniam saepe ab quas velit quas.
28,Módulo 6: Iusto,6,Doloremque unde esse quisquam rerum assumenda cupiditate nobis animi vero sequi rem voluptatibus.
28,Módulo 7: Pariatur debitis,7,Minima quidem ab quisquam natus unde eius soluta esse.
28,Módulo 8: Unde velit,8,Nihil id officiis enim consequuntur recusandae quasi id ullam eveniet reiciendis.
29,Módulo 1: Quod rem,1,Dolorem molestiae consectetur asperiores facilis beatae repellendus ipsa assumenda.
29,Módulo 2: Corrupti ad,2,Animi voluptates magni quaerat officia ab vero possimus aperiam quidem eum nisi.
29,Módulo 3: Quam similique,3,Dolor dolores facilis nesciunt voluptatum laudantium velit.
29,Módulo 4: Alias dolorum,4,Laboriosam itaque itaque nemo maxime voluptas.
29,Módulo 5: Rem eos modi,5,Commodi quisquam sint sapiente voluptatem magni dignissimos earum iure doloremque facilis.
29,Módulo 6: Sapiente soluta,6,Accusantium provident nemo sapiente odit quo.
29,Módulo 7: In,7,Illo blanditiis perspiciatis facilis corporis excepturi error dolorum necessitatibus nemo cupiditate officiis.
30,Módulo 1: Sunt aperiam voluptates ea,1,Nobis incidunt illum accusantium odit a eveniet ex.
30,Módulo 2: Qui reiciendis,2,Dolorum minus illo adipisci ex harum mollitia dignissimos maxime perferendis voluptatem praesentium.
30,Módulo 3: Vitae rem ratione,3,Quia aliquid sed repellendus non nisi.
30,Módulo 4: Totam autem recusandae,4,Et a ducimus provident quisquam placeat ducimus nam delectus.
30,Módulo 5: Totam veritatis molestiae possimus,5,Repellat similique rerum nihil numquam quasi vitae.
31,Módulo 1: Nostrum consectetur,1,Iure ipsa itaque dolore culpa fugit voluptates unde totam.
31,Módulo 2: Est eos sapiente,2,Ea impedit dolores tempora accusantium praesentium impedit.
31,Módulo 3: Accusamus dolorum,3,Ipsum hic repellat blanditiis magni culpa quis dignissimos cumque.
31,Módulo 4: Tempore doloribus fuga,4,Quae ea eum nisi pariatur iusto similique consequatur.
31,Módulo 5: Pariatur facilis,5,Cupiditate asperiores soluta iusto omnis consequuntur.
31,Módulo 6: Voluptas placeat repellendus,6,Laborum ea a alias maiores odit excepturi excepturi voluptatem officia.
31,Módulo 7: Sint aperiam dolorum,7,Exercitationem molestias voluptatem placeat quibusdam iusto doloribus accusamus.
32,Módulo 1: Consequatur eos,1,Laborum consequuntur expedita deserunt quos et deserunt odit itaque placeat.
32,Módulo 2: Dolore,2,Fugit delectus eos quam cum qui laudantium veritatis iusto.
32,Módulo 3: Eaque fugit praesentium,3,Temporibus cum sit tempora quae sequi eligendi explicabo ea odio neque pariatur consequatur.
32,Módulo 4: Fugiat at provident,4,Placeat eligendi saepe eius vel necessitatibus totam temporibus.
32,Módulo 5: Aut voluptate,5,Sapiente magni at quo recusandae nisi.
32,Módulo 6: Sequi ab,6,Alias repellendus explicabo soluta perferendis magnam suscipit esse magni voluptatibus nihil iusto incidunt.
32,Módulo 7: Asperiores,7,Fugit veniam neque molestiae adipisci eius aliquid explicabo neque quidem saepe.
33,Módulo 1: Enim quaerat,1,Cumque id pariatur iusto nesciunt libero velit tempore eum dolore maxime.
33,Módulo 2: Porro ullam necessitatibus,2,Atque quae aliquam beatae nobis corrupti aliquid officia vel.
33,Módulo 3: Et ipsam,3,Aspernatur nihil delectus quis eum magnam.
33,Módulo 4: Dolore provident,4,Dolore soluta rerum consequuntur occaecati possimus nostrum fugiat facere autem.
33,Módulo 5: Fugiat ratione,5,Ex sed magnam unde omnis tempore hic inventore necessitatibus labore porro inventore.
33,Módulo 6: Numquam perferendis nam veritatis,6,Accusamus velit ea saepe neque explicabo explicabo explicabo.
33,Módulo 7: Optio magni ducimus,7,Reiciendis occaecati velit pariatur officiis et voluptatum quod eveniet.
33,Módulo 8: Non distinctio ipsa,8,Laborum illum iure distinctio aliquid saepe quisquam.
34,Módulo 1: Animi quisquam non voluptatum,1,Harum cupiditate molestiae doloribus illo molestias fuga praesentium quia veritatis aperiam.
34,Módulo 2: Expedita nobis,2,Placeat adipisci cupiditate fuga voluptates sunt eveniet perferendis doloribus.
34,Módulo 3: Suscipit quidem laudantium,3,Natus quam esse non voluptatibus molestias dicta accusantium architecto eligendi saepe unde deleniti.
34,Módulo 4: Iusto corporis libero,4,Occaecati minima fugit omnis quasi facilis saepe laudantium in.
34,Módulo 5: Ratione similique exercitationem,5,Enim est odit atque non eligendi.
34,Módulo 6: Facere molestiae,6,Maxime qui suscipit qui odio debitis magnam.
35,Módulo 1: Repellat magnam,1,Ut at libero dolorum explicabo earum cumque alias incidunt.
35,Módulo 2: Dolorum odit,2,Quisquam delectus amet quo rerum quia.
35,Módulo 3: Itaque porro,3,Officia labore magni mollitia quia recusandae rem quibusdam veritatis atque debitis praesentium error.
35,Módulo 4: Quis cum ad,4,Libero illo eveniet dicta maiores magni quibusdam quis excepturi eligendi laudantium suscipit error.
36,Módulo 1: Adipisci optio temporibus,1,Earum nostrum amet enim quisquam quis sequi tenetur cupiditate ipsum facere.
36,Módulo 2: Distinctio,2,Corrupti possimus sequi aspernatur autem sit quisquam eaque rem itaque impedit illum.
36,Módulo 3: Sint quia,3,Natus ipsa perspiciatis nesciunt reprehenderit recusandae veritatis.
37,Módulo 1: Quas,1,Labore eos eum illum quas a maiores debitis rem vero iste.
37,Módulo 2: Praesentium beatae beatae corrupti,2,Natus earum esse eveniet harum recusandae ipsam.
37,Módulo 3: Veritatis illo expedita,3,Non quis odio doloribus delectus odio eos delectus.
37,Módulo 4: Maxime quis,4,Dolore sapiente ut harum nesciunt sapiente ad animi animi earum.
38,Módulo 1: Autem totam,1,Aperiam enim impedit nulla reiciendis pariatur sit quod illo voluptas quis.
38,Módulo 2: Fugit similique,2,Corrupti nostrum voluptates quod nam nihil reprehenderit distinctio autem dignissimos reiciendis quae.
38,Módulo 3: Dolores minima nulla,3,Eos animi omnis repudiandae vitae quisquam sapiente neque totam eveniet libero molestias.
38,Módulo 4: Est autem provident tempora,4,Est mollitia rem cum delectus nesciunt illum dicta aut.
38,Módulo 5: Consequuntur veniam sunt,5,Autem esse suscipit sit totam maxime est eveniet blanditiis inventore enim.
38,Módulo 6: Dignissimos maxime,6,Exercitationem nam sequi non commodi veritatis nostrum error nemo officia quam.
38,Módulo 7: Error tempora,7,Culpa earum veritatis quos itaque dolorum ab.
39,Módulo 1: Quas facere illum,1,Tempora nam perferendis aspernatur praesentium cum vel perspiciatis distinctio.
39,Módulo 2: Excepturi ullam,2,Odio corrupti facilis necessitatibus itaque illo debitis odio earum quis illum mollitia.
39,Módulo 3: Repellat quia,3,Distinctio voluptatum accusantium delectus ipsa architecto explicabo delectus error deserunt.
39,Módulo 4: Blanditiis magnam recusandae,4,Culpa quia praesentium aliquid qui praesentium adipisci sequi in ipsa.
40,Módulo 1: Magnam dignissimos,1,Animi harum dolorum animi cupiditate officiis optio magnam.
40,Módulo 2: Commodi dolore,2,Officia provident commodi maxime quidem dicta dignissimos modi illum dicta quia.
40,Módulo 3: Reiciendis consequuntur,3,Dolore officiis officiis molestiae inventore ratione architecto aliquid.
40,Módulo 4: Ipsum repudiandae non,4,Modi inventore ullam vitae numquam veniam eaque similique dolorum atque.
40,Módulo 5: Porro saepe delectus,5,Aspernatur incidunt aliquam laboriosam ad suscipit nostrum ab minima aut ab numquam.
41,Módulo 1: Ipsa ea,1,Ullam amet et tenetur ut dolore perspiciatis.
41,Módulo 2: Sint,2,Labore sit amet impedit at quis dolor cumque placeat.
41,Módulo 3: Assumenda libero,3,Ut aliquam omnis ab doloribus repellat architecto iure maiores aut accusamus alias reiciendis.
41,Módulo 4: Voluptas ut,4,Quasi incidunt consectetur voluptas quisquam eius.
41,Módulo 5: Itaque ab,5,Libero corporis fugiat quo ratione dignissimos beatae officia ex.
41,Módulo 6: In voluptates,6,Molestias voluptates rerum animi placeat dolore rem placeat aspernatur praesentium sequi.
41,Módulo 7: Cupiditate ipsum sunt,7,Minus incidunt odit tempora illo voluptatibus deleniti facilis.
41,Módulo 8: Non adipisci exercitationem molestias,8,Sunt eius ut facilis occaecati inventore inventore velit delectus minus dolor explicabo voluptates.
42,Módulo 1: Soluta repellat consequatur,1,Sapiente quam soluta cumque officiis amet exercitationem.
42,Módulo 2: Autem ipsa iusto,2,Accusantium aspernatur vitae corporis similique nam dolore itaque nisi voluptates.
42,Módulo 3: Odit porro recusandae,3,Sit quis aliquid explicabo ea doloremque fuga sit iste officiis placeat soluta veritatis.
42,Módulo 4: Saepe,4,Adipisci laborum odio ipsam quia recusandae sit aperiam voluptas aliquid.
42,Módulo 5: Amet enim quia,5,Unde quibusdam cupiditate exercitationem assumenda quam ducimus molestias animi sed officiis nulla sapiente.
42,Módulo 6: Neque eos,6,Cum minus nulla sint deserunt aut labore commodi.
42,Módulo 7: Eligendi fuga quam,7,Minima minima quo et totam mollitia.
43,Módulo 1: Odio totam aliquam,1,Nesciunt suscipit voluptatum quibusdam iure laboriosam corporis cumque quaerat.
43,Módulo 2: Iure fuga ex,2,Laudantium at esse fugit praesentium qui earum veritatis.
43,Módulo 3: Laudantium aliquam,3,Quis non ratione id animi optio.
43,Módulo 4: Perspiciatis tempore,4,Quas dignissimos explicabo ipsa cupiditate eligendi.
43,Módulo 5: Nihil doloribus,5,Qui voluptatem optio veniam earum quia atque illum alias.
44,Módulo 1: Quo consequatur,1,Iste dolorum praesentium doloremque pariatur delectus occaecati architecto provident.
44,Módulo 2: Nulla aliquam incidunt,2,Nostrum occaecati dolor est minus maiores praesentium provident.
44,Módulo 3: Debitis consequuntur,3,Numquam eligendi autem aliquid neque amet nihil.
45,Módulo 1: Assumenda reprehenderit reprehenderit animi,1,Consectetur iste esse explicabo exercitationem ipsum maxime.
45,Módulo 2: Temporibus ratione repudiandae,2,Provident itaque porro accusantium numquam totam quod aspernatur consectetur.
45,Módulo 3: Optio assumenda exercitationem consequuntur,3,Iure asperiores magnam laudantium fugit cum deserunt ea vel.
45,Módulo 4: At temporibus rem,4,Ut alias voluptatibus sint mollitia laboriosam nobis quisquam.
45,Módulo 5: Repudiandae doloremque nesciunt,5,Eius cupiditate numquam minus aliquam quaerat.
46,Módulo 1: Asperiores a,1,Voluptate voluptates sit provident aliquid commodi iusto veniam.
46,Módulo 2: Praesentium quo aliquam vel,2,Atque eos eaque magnam explicabo animi inventore molestiae explicabo dolor adipisci alias amet.
46,Módulo 3: Minus facilis expedita,3,Est atque sed dolore nobis illo numquam facere aperiam culpa.
46,Módulo 4: Eos quidem,4,Ut eaque deserunt odio numquam enim fuga exercitationem soluta officiis maxime est.
46,Módulo 5: Adipisci nisi corporis,5,Quaerat cupiditate reiciendis voluptate eaque natus blanditiis.
46,Módulo 6: Sed consequuntur,6,Provident eos recusandae omnis eius officia sed deserunt eius nulla cum id odit.
46,Módulo 7: Facere quae,7,Natus dolor sapiente qui perferendis magnam occaecati quasi minima nostrum.
47,Módulo 1: Sapiente harum aut eos,1,Repudiandae reprehenderit placeat nihil magnam veniam numquam nesciunt velit minima eos earum quidem.
47,Módulo 2: Excepturi,2,Iusto eligendi amet quas sunt praesentium porro blanditiis quos ratione quaerat.
47,Módulo 3: Fuga,3,Voluptas ullam beatae earum nostrum officia odio consequuntur maiores cum ut culpa dignissimos doloribus.
47,Módulo 4: Quo placeat,4,Ratione dicta iure id itaque quos.
48,Módulo 1: Beatae debitis,1,Rerum doloremque assumenda aliquam necessitatibus doloremque ex dolorem.
48,Módulo 2: Facere optio,2,Hic sint deleniti quia laboriosam explicabo amet deserunt ea reprehenderit consequatur.
48,Módulo 3: Amet mollitia ipsa,3,Occaecati quo est voluptas a itaque.
48,Módulo 4: Eius deleniti,4,Vel quidem saepe recusandae unde harum voluptatum neque voluptatum optio eius.
48,Módulo 5: Aspernatur eaque quidem,5,Voluptate eaque officia cum numquam voluptas quos repellat aut beatae.
48,Módulo 6: Esse culpa suscipit,6,Minima sapiente recusandae debitis iusto maiores veniam impedit quisquam iste rerum rerum sint.
48,Módulo 7: Atque,7,Culpa aliquid blanditiis atque fuga excepturi nostrum maxime numquam.
49,Módulo 1: Corporis voluptatibus,1,Error pariatur dolorem sit debitis temporibus corrupti eaque.
49,Módulo 2: Autem ipsum,2,Asperiores repellat a architecto voluptas porro ab accusamus exercitationem laudantium consectetur eius.
49,Módulo 3: Voluptates animi architecto,3,Itaque eos dolore deleniti quibusdam quasi asperiores occaecati.
49,Módulo 4: Dicta quasi,4,Ipsa aperiam modi repellendus similique id.
49,Módulo 5: Maxime animi,5,Eius magnam dolor ea eligendi ratione commodi.
49,Módulo 6: Ducimus repellat,6,Possimus vel eos rem aut mollitia soluta itaque cupiditate.
49,Módulo 7: Asperiores praesentium voluptatum dolore,7,Velit cum quam hic dolores minima.
50,Módulo 1: Repellat nesciunt dolorem,1,Odit est cum soluta numquam blanditiis velit.
50,Módulo 2: Provident nam omnis,2,Quibusdam odit dignissimos expedita repudiandae cupiditate qui dolores qui accusamus itaque reprehenderit error.
50,Módulo 3: Corporis velit voluptate,3,Laudantium sunt incidunt quis excepturi dolorem vel.
50,Módulo 4: Nemo sequi aspernatur,4,Rem quia aperiam dignissimos error magni veniam natus deleniti tempore dicta.
50,Módulo 5: Neque accusantium quam,5,Eligendi ad cum officia eos ea tempora maxime fugit fuga distinctio quaerat.
